{
  "flood_flag": 0.543260395526886,
  "is_rush_hour": 0.11667201668024063,
  "historical_incident_rate": 0.10671322792768478,
  "rainfall_level": 0.0671401396393776,
  "headway_minutes": 0.044896919280290604,
  "dow_cos": 0.020894605666399002,
  "hour_cos": 0.017308572307229042,
  "dow_sin": 0.011773464269936085,
  "to_stop_id": 0.01152532733976841,
  "hour_sin": 0.011402486823499203,
  "from_stop_id": 0.01067265123128891,
  "route_mode": 0.010645188391208649,
  "scheduled_travel_seconds": 0.010534475557506084,
  "route_id": 0.01010696217417717,
  "temperature_c": 0.00645352341234684
}